{
  "type": "Program",
  "body": [
    {
      "type": "ImportDeclaration",
      "specifiers": [
        {
          "type": "ImportDefaultSpecifier",
          "local": {
            "type": "Identifier",
            "name": "Foo",
            "range": [
              7,
              10
            ],
            "loc": {
              "start": {
                "line": 1,
                "column": 7
              },
              "end": {
                "line": 1,
                "column": 10
              }
            }
          },
          "range": [
            7,
            10
          ],
          "loc": {
            "start": {
              "line": 1,
              "column": 7
            },
            "end": {
              "line": 1,
              "column": 10
            }
          }
        }
      ],
      "source": {
        "type": "Literal",
        "value": "./foo",
        "raw": "'./foo'",
        "range": [
          16,
          23
        ],
        "loc": {
          "start": {
            "line": 1,
            "column": 16
          },
          "end": {
            "line": 1,
            "column": 23
          }
        }
      },
      "range": [
        0,
        24
      ],
      "loc": {
        "start": {
          "line": 1,
          "column": 0
        },
        "end": {
          "line": 1,
          "column": 24
        }
      }
    },
    {
      "type": "VariableDeclaration",
      "declarations": [
        {
          "type": "VariableDeclarator",
          "id": {
            "type": "Identifier",
            "name": "foo",
            "range": [
              30,
              33
            ],
            "loc": {
              "start": {
                "line": 3,
                "column": 4
              },
              "end": {
                "line": 3,
                "column": 7
              }
            }
          },
          "init": {
            "type": "NewExpression",
            "callee": {
              "type": "Identifier",
              "name": "Foo",
              "range": [
                40,
                43
              ],
              "loc": {
                "start": {
                  "line": 3,
                  "column": 14
                },
                "end": {
                  "line": 3,
                  "column": 17
                }
              }
            },
            "arguments": [],
            "range": [
              36,
              45
            ],
            "loc": {
              "start": {
                "line": 3,
                "column": 10
              },
              "end": {
                "line": 3,
                "column": 19
              }
            }
          },
          "range": [
            30,
            45
          ],
          "loc": {
            "start": {
              "line": 3,
              "column": 4
            },
            "end": {
              "line": 3,
              "column": 19
            }
          }
        }
      ],
      "kind": "let",
      "range": [
        26,
        46
      ],
      "loc": {
        "start": {
          "line": 3,
          "column": 0
        },
        "end": {
          "line": 3,
          "column": 20
        }
      }
    },
    {
      "type": "VariableDeclaration",
      "declarations": [
        {
          "type": "VariableDeclarator",
          "id": {
            "type": "Identifier",
            "name": "textNode",
            "range": [
              52,
              60
            ],
            "loc": {
              "start": {
                "line": 5,
                "column": 4
              },
              "end": {
                "line": 5,
                "column": 12
              }
            }
          },
          "init": {
            "type": "CallExpression",
            "callee": {
              "type": "MemberExpression",
              "computed": false,
              "object": {
                "type": "Identifier",
                "name": "document",
                "range": [
                  63,
                  71
                ],
                "loc": {
                  "start": {
                    "line": 5,
                    "column": 15
                  },
                  "end": {
                    "line": 5,
                    "column": 23
                  }
                }
              },
              "property": {
                "type": "Identifier",
                "name": "createTextNode",
                "range": [
                  72,
                  86
                ],
                "loc": {
                  "start": {
                    "line": 5,
                    "column": 24
                  },
                  "end": {
                    "line": 5,
                    "column": 38
                  }
                }
              },
              "range": [
                63,
                86
              ],
              "loc": {
                "start": {
                  "line": 5,
                  "column": 15
                },
                "end": {
                  "line": 5,
                  "column": 38
                }
              }
            },
            "arguments": [
              {
                "type": "CallExpression",
                "callee": {
                  "type": "MemberExpression",
                  "computed": false,
                  "object": {
                    "type": "Identifier",
                    "name": "foo",
                    "range": [
                      87,
                      90
                    ],
                    "loc": {
                      "start": {
                        "line": 5,
                        "column": 39
                      },
                      "end": {
                        "line": 5,
                        "column": 42
                      }
                    }
                  },
                  "property": {
                    "type": "Identifier",
                    "name": "doSomething",
                    "range": [
                      91,
                      102
                    ],
                    "loc": {
                      "start": {
                        "line": 5,
                        "column": 43
                      },
                      "end": {
                        "line": 5,
                        "column": 54
                      }
                    }
                  },
                  "range": [
                    87,
                    102
                  ],
                  "loc": {
                    "start": {
                      "line": 5,
                      "column": 39
                    },
                    "end": {
                      "line": 5,
                      "column": 54
                    }
                  }
                },
                "arguments": [],
                "range": [
                  87,
                  104
                ],
                "loc": {
                  "start": {
                    "line": 5,
                    "column": 39
                  },
                  "end": {
                    "line": 5,
                    "column": 56
                  }
                }
              }
            ],
            "range": [
              63,
              105
            ],
            "loc": {
              "start": {
                "line": 5,
                "column": 15
              },
              "end": {
                "line": 5,
                "column": 57
              }
            }
          },
          "range": [
            52,
            105
          ],
          "loc": {
            "start": {
              "line": 5,
              "column": 4
            },
            "end": {
              "line": 5,
              "column": 57
            }
          }
        }
      ],
      "kind": "let",
      "range": [
        48,
        106
      ],
      "loc": {
        "start": {
          "line": 5,
          "column": 0
        },
        "end": {
          "line": 5,
          "column": 58
        }
      }
    },
    {
      "type": "ExpressionStatement",
      "expression": {
        "type": "CallExpression",
        "callee": {
          "type": "MemberExpression",
          "computed": false,
          "object": {
            "type": "MemberExpression",
            "computed": false,
            "object": {
              "type": "Identifier",
              "name": "document",
              "range": [
                107,
                115
              ],
              "loc": {
                "start": {
                  "line": 6,
                  "column": 0
                },
                "end": {
                  "line": 6,
                  "column": 8
                }
              }
            },
            "property": {
              "type": "Identifier",
              "name": "body",
              "range": [
                116,
                120
              ],
              "loc": {
                "start": {
                  "line": 6,
                  "column": 9
                },
                "end": {
                  "line": 6,
                  "column": 13
                }
              }
            },
            "range": [
              107,
              120
            ],
            "loc": {
              "start": {
                "line": 6,
                "column": 0
              },
              "end": {
                "line": 6,
                "column": 13
              }
            }
          },
          "property": {
            "type": "Identifier",
            "name": "appendChild",
            "range": [
              121,
              132
            ],
            "loc": {
              "start": {
                "line": 6,
                "column": 14
              },
              "end": {
                "line": 6,
                "column": 25
              }
            }
          },
          "range": [
            107,
            132
          ],
          "loc": {
            "start": {
              "line": 6,
              "column": 0
            },
            "end": {
              "line": 6,
              "column": 25
            }
          }
        },
        "arguments": [
          {
            "type": "Identifier",
            "name": "textNode",
            "range": [
              133,
              141
            ],
            "loc": {
              "start": {
                "line": 6,
                "column": 26
              },
              "end": {
                "line": 6,
                "column": 34
              }
            }
          }
        ],
        "range": [
          107,
          142
        ],
        "loc": {
          "start": {
            "line": 6,
            "column": 0
          },
          "end": {
            "line": 6,
            "column": 35
          }
        }
      },
      "range": [
        107,
        143
      ],
      "loc": {
        "start": {
          "line": 6,
          "column": 0
        },
        "end": {
          "line": 6,
          "column": 36
        }
      }
    },
    {
      "type": "ExportNamedDeclaration",
      "declaration": {
        "type": "VariableDeclaration",
        "declarations": [
          {
            "type": "VariableDeclarator",
            "id": {
              "type": "Identifier",
              "name": "hello",
              "range": [
                156,
                161
              ],
              "loc": {
                "start": {
                  "line": 8,
                  "column": 11
                },
                "end": {
                  "line": 8,
                  "column": 16
                }
              }
            },
            "init": {
              "type": "Literal",
              "value": "es6",
              "raw": "'es6'",
              "range": [
                164,
                169
              ],
              "loc": {
                "start": {
                  "line": 8,
                  "column": 19
                },
                "end": {
                  "line": 8,
                  "column": 24
                }
              }
            },
            "range": [
              156,
              169
            ],
            "loc": {
              "start": {
                "line": 8,
                "column": 11
              },
              "end": {
                "line": 8,
                "column": 24
              }
            }
          }
        ],
        "kind": "var",
        "range": [
          152,
          170
        ],
        "loc": {
          "start": {
            "line": 8,
            "column": 7
          },
          "end": {
            "line": 8,
            "column": 25
          }
        },
        "leadingComments": [],
        "trailingComments": []
      },
      "specifiers": [],
      "source": null,
      "range": [
        145,
        170
      ],
      "loc": {
        "start": {
          "line": 8,
          "column": 0
        },
        "end": {
          "line": 8,
          "column": 25
        }
      }
    }
  ],
  "sourceType": "module",
  "range": [
    0,
    170
  ],
  "loc": {
    "start": {
      "line": 1,
      "column": 0
    },
    "end": {
      "line": 8,
      "column": 25
    }
  },
  "comments": []
}