{
  "type": "Program",
  "body": [
    {
      "type": "Identifier",
      "id": {
        "type": "Identifier",
        "name": "Foo",
        "range": [
          6,
          9
        ],
        "loc": {
          "start": {
            "line": 1,
            "column": 6
          },
          "end": {
            "line": 1,
            "column": 9
          }
        }
      },
      "superClass": null,
      "body": {
        "type": "ClassBody",
        "body": [
          {
            "type": "MethodDefinition",
            "key": {
              "type": "Identifier",
              "name": "doSomething",
              "range": [
                15,
                26
              ],
              "loc": {
                "start": {
                  "line": 3,
                  "column": 2
                },
                "end": {
                  "line": 3,
                  "column": 13
                }
              }
            },
            "value": {
              "type": "FunctionExpression",
              "id": null,
              "params": [],
              "body": {
                "type": "BlockStatement",
                "body": [
                  {
                    "type": "ReturnStatement",
                    "argument": {
                      "type": "Literal",
                      "value": "Do Something",
                      "raw": "'Do Something'",
                      "range": [
                        43,
                        57
                      ],
                      "loc": {
                        "start": {
                          "line": 4,
                          "column": 11
                        },
                        "end": {
                          "line": 4,
                          "column": 25
                        }
                      }
                    },
                    "range": [
                      36,
                      58
                    ],
                    "loc": {
                      "start": {
                        "line": 4,
                        "column": 4
                      },
                      "end": {
                        "line": 4,
                        "column": 26
                      }
                    }
                  }
                ],
                "range": [
                  30,
                  62
                ],
                "loc": {
                  "start": {
                    "line": 3,
                    "column": 17
                  },
                  "end": {
                    "line": 5,
                    "column": 3
                  }
                }
              },
              "generator": false,
              "expression": false,
              "range": [
                27,
                62
              ],
              "loc": {
                "start": {
                  "line": 3,
                  "column": 14
                },
                "end": {
                  "line": 5,
                  "column": 3
                }
              }
            },
            "kind": "method",
            "computed": false,
            "range": [
              15,
              62
            ],
            "loc": {
              "start": {
                "line": 3,
                "column": 2
              },
              "end": {
                "line": 5,
                "column": 3
              }
            },
            "static": false
          }
        ],
        "range": [
          10,
          64
        ],
        "loc": {
          "start": {
            "line": 1,
            "column": 10
          },
          "end": {
            "line": 6,
            "column": 1
          }
        }
      },
      "range": [
        0,
        64
      ],
      "loc": {
        "start": {
          "line": 1,
          "column": 0
        },
        "end": {
          "line": 6,
          "column": 1
        }
      },
      "name": "_",
      "leadingComments": [],
      "trailingComments": []
    },
    {
      "type": "Identifier",
      "declaration": {
        "type": "Identifier",
        "name": "Foo",
        "range": [
          81,
          84
        ],
        "loc": {
          "start": {
            "line": 8,
            "column": 15
          },
          "end": {
            "line": 8,
            "column": 18
          }
        }
      },
      "range": [
        66,
        85
      ],
      "loc": {
        "start": {
          "line": 8,
          "column": 0
        },
        "end": {
          "line": 8,
          "column": 19
        }
      },
      "name": "_",
      "leadingComments": [],
      "trailingComments": []
    },
    {
      "type": "ExportDefaultDeclaration",
      "declaration": {
        "type": "ClassDeclaration",
        "id": {
          "type": "Identifier",
          "name": "Foo",
          "range": [
            6,
            9
          ],
          "loc": {
            "start": {
              "line": 1,
              "column": 6
            },
            "end": {
              "line": 1,
              "column": 9
            }
          }
        },
        "superClass": null,
        "body": {
          "type": "ClassBody",
          "body": [
            {
              "type": "MethodDefinition",
              "key": {
                "type": "Identifier",
                "name": "doSomething",
                "range": [
                  15,
                  26
                ],
                "loc": {
                  "start": {
                    "line": 3,
                    "column": 2
                  },
                  "end": {
                    "line": 3,
                    "column": 13
                  }
                }
              },
              "value": {
                "type": "FunctionExpression",
                "id": null,
                "params": [],
                "body": {
                  "type": "BlockStatement",
                  "body": [
                    {
                      "type": "ReturnStatement",
                      "argument": {
                        "type": "Literal",
                        "value": "Do Something",
                        "raw": "'Do Something'",
                        "range": [
                          43,
                          57
                        ],
                        "loc": {
                          "start": {
                            "line": 4,
                            "column": 11
                          },
                          "end": {
                            "line": 4,
                            "column": 25
                          }
                        }
                      },
                      "range": [
                        36,
                        58
                      ],
                      "loc": {
                        "start": {
                          "line": 4,
                          "column": 4
                        },
                        "end": {
                          "line": 4,
                          "column": 26
                        }
                      }
                    }
                  ],
                  "range": [
                    30,
                    62
                  ],
                  "loc": {
                    "start": {
                      "line": 3,
                      "column": 17
                    },
                    "end": {
                      "line": 5,
                      "column": 3
                    }
                  }
                },
                "generator": false,
                "expression": false,
                "range": [
                  27,
                  62
                ],
                "loc": {
                  "start": {
                    "line": 3,
                    "column": 14
                  },
                  "end": {
                    "line": 5,
                    "column": 3
                  }
                }
              },
              "kind": "method",
              "computed": false,
              "range": [
                15,
                62
              ],
              "loc": {
                "start": {
                  "line": 3,
                  "column": 2
                },
                "end": {
                  "line": 5,
                  "column": 3
                }
              },
              "static": false
            }
          ],
          "range": [
            10,
            64
          ],
          "loc": {
            "start": {
              "line": 1,
              "column": 10
            },
            "end": {
              "line": 6,
              "column": 1
            }
          }
        },
        "range": [
          0,
          64
        ],
        "loc": {
          "start": {
            "line": 1,
            "column": 0
          },
          "end": {
            "line": 6,
            "column": 1
          }
        },
        "__esdoc__pseudo_export": false,
        "leadingComments": [],
        "trailingComments": []
      },
      "range": [
        66,
        85
      ],
      "loc": {
        "start": {
          "line": 8,
          "column": 0
        },
        "end": {
          "line": 8,
          "column": 19
        }
      },
      "leadingComments": null
    }
  ],
  "sourceType": "module",
  "range": [
    0,
    85
  ],
  "loc": {
    "start": {
      "line": 1,
      "column": 0
    },
    "end": {
      "line": 8,
      "column": 19
    }
  },
  "comments": []
}