{
  "npm:babel-runtime@5.8.35": {
    "process": "github:jspm/nodelibs-process@^0.1.0"
  },
  "github:jspm/nodelibs-process@0.1.2": {
    "process": "npm:process@^0.11.0"
  },
  "npm:babel-core@5.8.35": {},
  "github:jspm/nodelibs-assert@0.1.0": {
    "assert": "npm:assert@^1.3.0"
  },
  "npm:core-js@1.2.6": {
    "process": "github:jspm/nodelibs-process@^0.1.0",
    "systemjs-json": "github:systemjs/plugin-json@^0.1.0",
    "fs": "github:jspm/nodelibs-fs@^0.1.0",
    "path": "github:jspm/nodelibs-path@^0.1.0"
  },
  "npm:inherits@2.0.1": {
    "util": "github:jspm/nodelibs-util@^0.1.0"
  },
  "npm:util@0.10.3": {
    "inherits": "npm:inherits@2.0.1",
    "process": "github:jspm/nodelibs-process@^0.1.0"
  },
  "github:jspm/nodelibs-path@0.1.0": {
    "path-browserify": "npm:path-browserify@0.0.0"
  },
  "github:jspm/nodelibs-fs@0.1.2": {},
  "github:systemjs/plugin-json@0.1.0": {},
  "npm:path-browserify@0.0.0": {
    "process": "github:jspm/nodelibs-process@^0.1.0"
  },
  "github:jspm/nodelibs-util@0.1.0": {
    "util": "npm:util@^0.10.3"
  },
  "npm:symbol-observable@1.0.2": {},
  "npm:rxjs-es@5.0.0-beta.12": {
    "symbol-observable": "npm:symbol-observable@^1.0.1"
  },
  "npm:rxjs@5.0.0-beta.12": {
    "symbol-observable": "npm:symbol-observable@^1.0.1",
    "process": "github:jspm/nodelibs-process@^0.1.0",
    "buffer": "github:jspm/nodelibs-buffer@^0.1.0"
  },
  "npm:amdefine@0.1.1": {
    "path": "github:jspm/nodelibs-path@^0.1.0",
    "process": "github:jspm/nodelibs-process@^0.1.0",
    "module": "github:jspm/nodelibs-module@^0.1.0",
    "fs": "github:jspm/nodelibs-fs@^0.1.0"
  },
  "npm:punycode@1.3.2": {
    "process": "github:jspm/nodelibs-process@^0.1.0"
  },
  "npm:string_decoder@0.10.31": {
    "buffer": "github:jspm/nodelibs-buffer@^0.1.0"
  },
  "npm:core-util-is@1.0.1": {
    "buffer": "github:jspm/nodelibs-buffer@^0.1.0"
  },
  "npm:async@0.9.2": {
    "process": "github:jspm/nodelibs-process@^0.1.0",
    "systemjs-json": "github:systemjs/plugin-json@^0.1.0"
  },
  "npm:escodegen@0.0.28": {
    "esprima": "npm:esprima@~1.0.2",
    "estraverse": "npm:estraverse@~1.3.0",
    "source-map": "npm:source-map",
    "fs": "github:jspm/nodelibs-fs@^0.1.0",
    "path": "github:jspm/nodelibs-path@^0.1.0",
    "process": "github:jspm/nodelibs-process@^0.1.0",
    "systemjs-json": "github:systemjs/plugin-json@^0.1.0"
  },
  "npm:quote-stream@0.0.0": {
    "through2": "npm:through2@~0.4.1",
    "minimist": "npm:minimist@0.0.8",
    "fs": "github:jspm/nodelibs-fs@^0.1.0",
    "process": "github:jspm/nodelibs-process@^0.1.0",
    "buffer": "github:jspm/nodelibs-buffer@^0.1.0"
  },
  "github:jspm/nodelibs-buffer@0.1.0": {
    "buffer": "npm:buffer@^3.0.1"
  },
  "npm:escodegen@1.3.3": {
    "esutils": "npm:esutils@~1.0.0",
    "estraverse": "npm:estraverse@~1.5.0",
    "esprima": "npm:esprima@~1.1.1",
    "source-map": "npm:source-map@~0.1.33",
    "fs": "github:jspm/nodelibs-fs@^0.1.0",
    "path": "github:jspm/nodelibs-path@^0.1.0",
    "process": "github:jspm/nodelibs-process@^0.1.0",
    "systemjs-json": "github:systemjs/plugin-json@^0.1.0"
  },
  "npm:concat-stream@1.4.8": {
    "inherits": "npm:inherits@~2.0.1",
    "typedarray": "npm:typedarray@~0.0.5",
    "readable-stream": "npm:readable-stream@~1.1.9",
    "buffer": "github:jspm/nodelibs-buffer@^0.1.0"
  },
  "npm:process@0.11.9": {
    "assert": "github:jspm/nodelibs-assert@^0.1.0",
    "vm": "github:jspm/nodelibs-vm@^0.1.0",
    "fs": "github:jspm/nodelibs-fs@^0.1.0"
  },
  "npm:readable-stream@1.0.33": {
    "core-util-is": "npm:core-util-is@~1.0.0",
    "isarray": "npm:isarray@0.0.1",
    "string_decoder": "npm:string_decoder@~0.10.0",
    "inherits": "npm:inherits@~2.0.1",
    "stream-browserify": "npm:stream-browserify@~1.0.0",
    "process": "github:jspm/nodelibs-process@^0.1.0",
    "buffer": "github:jspm/nodelibs-buffer@^0.1.0",
    "events": "github:jspm/nodelibs-events@^0.1.1"
  },
  "npm:readable-stream@1.1.13": {
    "core-util-is": "npm:core-util-is@~1.0.0",
    "inherits": "npm:inherits@~2.0.1",
    "isarray": "npm:isarray@0.0.1",
    "string_decoder": "npm:string_decoder@~0.10.0",
    "stream-browserify": "npm:stream-browserify@^1.0.0",
    "process": "github:jspm/nodelibs-process@^0.1.0",
    "buffer": "github:jspm/nodelibs-buffer@^0.1.0",
    "events": "github:jspm/nodelibs-events@^0.1.1"
  },
  "npm:isarray@1.0.0": {},
  "npm:ieee754@1.1.8": {},
  "npm:esprima@1.0.4": {
    "fs": "github:jspm/nodelibs-fs@^0.1.0",
    "process": "github:jspm/nodelibs-process@^0.1.0"
  },
  "npm:esprima@1.1.1": {
    "fs": "github:jspm/nodelibs-fs@^0.1.0",
    "process": "github:jspm/nodelibs-process@^0.1.0"
  },
  "npm:base64-js@0.0.8": {},
  "npm:resource-loader@1.6.0": {
    "async": "npm:async@^0.9.0",
    "eventemitter3": "npm:eventemitter3@^1.1.0",
    "child_process": "github:jspm/nodelibs-child_process@^0.1.0",
    "path": "github:jspm/nodelibs-path@^0.1.0",
    "url": "github:jspm/nodelibs-url@^0.1.0",
    "process": "github:jspm/nodelibs-process@^0.1.0"
  },
  "npm:earcut@2.0.1": {
    "process": "github:jspm/nodelibs-process@^0.1.0"
  },
  "npm:source-map@0.1.43": {
    "amdefine": "npm:amdefine",
    "path": "github:jspm/nodelibs-path@^0.1.0",
    "fs": "github:jspm/nodelibs-fs@^0.1.0",
    "process": "github:jspm/nodelibs-process@^0.1.0"
  },
  "npm:buffer@3.6.0": {
    "base64-js": "npm:base64-js@0.0.8",
    "ieee754": "npm:ieee754@^1.1.4",
    "isarray": "npm:isarray@^1.0.0",
    "fs": "github:jspm/nodelibs-fs@^0.1.0",
    "child_process": "github:jspm/nodelibs-child_process@^0.1.0",
    "process": "github:jspm/nodelibs-process@^0.1.0"
  },
  "npm:acorn@1.2.2": {
    "fs": "github:jspm/nodelibs-fs@^0.1.0",
    "path": "github:jspm/nodelibs-path@^0.1.0",
    "stream": "github:jspm/nodelibs-stream@^0.1.0",
    "process": "github:jspm/nodelibs-process@^0.1.0"
  },
  "npm:brfs@1.4.0": {
    "quote-stream": "npm:quote-stream@~0.0.0",
    "resolve": "npm:resolve@^1.1.5",
    "static-module": "npm:static-module@^1.1.0",
    "through2": "npm:through2@~0.4.1",
    "fs": "github:jspm/nodelibs-fs@^0.1.0",
    "path": "github:jspm/nodelibs-path@^0.1.0",
    "process": "github:jspm/nodelibs-process@^0.1.0",
    "systemjs-json": "github:systemjs/plugin-json@^0.1.0",
    "buffer": "github:jspm/nodelibs-buffer@^0.1.0"
  },
  "github:jspm/nodelibs-vm@0.1.0": {
    "vm-browserify": "npm:vm-browserify@0.0.4"
  },
  "npm:url@0.10.3": {
    "punycode": "npm:punycode@1.3.2",
    "querystring": "npm:querystring@0.2.0",
    "assert": "github:jspm/nodelibs-assert@^0.1.0",
    "util": "github:jspm/nodelibs-util@^0.1.0"
  },
  "npm:assert@1.4.1": {
    "util": "npm:util@0.10.3",
    "buffer": "github:jspm/nodelibs-buffer@^0.1.0",
    "assert": "github:jspm/nodelibs-assert@^0.1.0",
    "process": "github:jspm/nodelibs-process@^0.1.0"
  },
  "npm:vm-browserify@0.0.4": {
    "indexof": "npm:indexof@0.0.1"
  },
  "github:jspm/nodelibs-child_process@0.1.0": {},
  "npm:indexof@0.0.1": {},
  "npm:resolve@1.1.6": {
    "systemjs-json": "github:systemjs/plugin-json@^0.1.0",
    "fs": "github:jspm/nodelibs-fs@^0.1.0",
    "path": "github:jspm/nodelibs-path@^0.1.0",
    "process": "github:jspm/nodelibs-process@^0.1.0"
  },
  "npm:stream-browserify@1.0.0": {
    "inherits": "npm:inherits@~2.0.1",
    "readable-stream": "npm:readable-stream@^1.0.27-1",
    "events": "github:jspm/nodelibs-events@^0.1.1"
  },
  "npm:static-module@1.1.2": {
    "concat-stream": "npm:concat-stream@~1.4.5",
    "duplexer2": "npm:duplexer2@~0.0.2",
    "escodegen": "npm:escodegen@~1.3.2",
    "falafel": "npm:falafel@^1.0.0",
    "has": "npm:has@^1.0.0",
    "object-inspect": "npm:object-inspect@~0.4.0",
    "quote-stream": "npm:quote-stream@~0.0.0",
    "readable-stream": "npm:readable-stream@~1.0.27-1",
    "shallow-copy": "npm:shallow-copy@~0.0.1",
    "static-eval": "npm:static-eval@~0.2.0",
    "through2": "npm:through2@~0.4.1",
    "fs": "github:jspm/nodelibs-fs@^0.1.0",
    "path": "github:jspm/nodelibs-path@^0.1.0"
  },
  "npm:through2@0.4.2": {
    "readable-stream": "npm:readable-stream@~1.0.17",
    "xtend": "npm:xtend@~2.1.1",
    "util": "github:jspm/nodelibs-util@^0.1.0"
  }
}